time,charge
3.0994415283203125e-06,1.818412e-12
0.12920737266540527,2.375274e-12
0.2275378704071045,2.811833e-12
0.3257944583892822,3.16654e-12
0.4249436855316162,3.513804e-12
0.5236282348632812,3.882152e-12
0.6227309703826904,4.189727e-12
0.7208974361419678,4.417931e-12
0.8182153701782227,4.663492e-12
0.9157195091247559,4.918984e-12
1.0138700008392334,5.163306e-12
1.112321376800537,5.340662e-12
1.210794448852539,5.522972e-12
1.309166431427002,5.738772e-12
1.4077534675598145,5.934726e-12
1.5061218738555908,6.083554e-12
1.6046364307403564,-2.818765e-11
1.7037720680236816,-2.967097e-11
1.801482915878296,-3.064579e-11
1.9004530906677246,-3.144202e-11
1.9990127086639404,-3.206089e-11
2.096670627593994,-3.261651e-11
2.1954166889190674,-3.312995e-11
2.294003963470459,-3.359136e-11
2.392313241958618,-3.397705e-11
2.4912917613983154,-3.435032e-11
2.589491128921509,-3.471251e-11
2.688068151473999,-3.503123e-11
2.7858664989471436,-3.531651e-11
2.884075880050659,-3.558808e-11
2.9836795330047607,-3.587958e-11
3.0823709964752197,-3.614125e-11
3.1803267002105713,-3.635457e-11
3.279238700866699,-3.65691e-11
3.3784782886505127,-3.679607e-11
3.4767932891845703,-3.701809e-11
3.5756123065948486,-1.910797e-11
3.6745879650115967,-1.746002e-12
3.773383617401123,-6.868483e-13
3.8722140789031982,1.056569e-13
3.9705469608306885,7.456151e-13
4.068763017654419,1.26403e-12
4.167236804962158,1.727876e-12
4.266320705413818,2.174358e-12
4.364865064620972,2.558829e-12
4.462927341461182,2.858963e-12
4.560899257659912,3.182662e-12
4.659587621688843,3.493961e-12
4.757920742034912,3.764325e-12
4.856980562210083,3.983849e-12
4.955360651016235,4.202131e-12
5.053979158401489,4.452657e-12
5.15218186378479,4.667213e-12
5.2521843910217285,4.829687e-12
5.350521802902222,4.988438e-12
5.449293851852417,5.200512e-12
5.547366619110107,5.372906e-12
5.645340204238892,-2.971686e-11
5.7439234256744385,-3.090255e-11
5.842300653457642,-3.175952e-11
5.9400177001953125,-3.250365e-11
6.039644002914429,-3.30878e-11
6.1381964683532715,-3.361119e-11
6.237258195877075,-3.410975e-11
6.335104703903198,-3.452771e-11
6.432925701141357,-3.489726e-11
6.531546354293823,-3.524578e-11
6.629641056060791,-3.559305e-11
6.728212356567383,-3.592544e-11
6.827113628387451,-3.621564e-11
6.925599575042725,-3.647983e-11
7.023965835571289,-3.674769e-11
7.1221253871917725,-3.700322e-11
7.221116065979004,-3.723142e-11
7.319255352020264,-3.744348e-11
7.417835474014282,-3.765431e-11
7.5164947509765625,-3.787012e-11
7.615529537200928,-3.354583e-12
7.7140679359436035,-2.056059e-12
7.811801910400391,-1.170539e-12
7.9100258350372314,-4.239202e-13
8.008296966552734,1.825515e-13
8.107042074203491,6.786429e-13
8.206025838851929,1.116443e-12
8.304126501083374,1.530679e-12
8.402800798416138,1.906468e-12
8.500882863998413,2.197921e-12
8.599114418029785,2.489375e-12
8.697897911071777,2.788271e-12
8.796197891235352,3.071043e-12
8.894593477249146,3.305445e-12
8.992899656295776,3.503883e-12
9.091124534606934,3.734564e-12
9.189265966415405,3.952845e-12
9.288342952728271,4.122756e-12
9.386210203170776,4.264144e-12
9.484889030456543,4.443977e-12
9.583876371383667,-2.912901e-11
9.68234372138977,-3.100175e-11
9.780614137649536,-3.202122e-11
9.879424571990967,-3.281494e-11
9.977853775024414,-3.350081e-11
10.076037883758545,-3.40862e-11
10.17409610748291,-3.456612e-11
10.27228856086731,-3.500892e-11
10.370148420333862,-3.544424e-11
10.469264268875122,-3.581258e-11
10.568077564239502,-3.614868e-11
10.66615891456604,-3.646743e-11
10.76473617553711,-3.678739e-11
10.86364221572876,-3.707887e-11
10.962162256240845,-3.732939e-11
11.061356782913208,-3.757369e-11
11.15956425666809,-3.783042e-11
11.257890462875366,-3.806362e-11
11.356828689575195,-3.827448e-11
11.454750061035156,-3.847785e-11
11.553120851516724,-3.868121e-11
11.653051137924194,-3.486042e-12
11.751506567001343,-2.407045e-12
11.849425315856934,-1.62446e-12
11.947991371154785,-9.572176e-13
12.046039819717407,-3.829939e-13
12.14473819732666,1.130985e-13
12.244188785552979,5.186536e-13
12.34251093864441,9.105655e-13
12.441036462783813,1.275193e-12
12.539133071899414,1.58649e-12
12.63782000541687,1.876702e-12
12.73668384552002,2.140871e-12
12.834964275360107,2.41e-12
12.933346509933472,2.640684e-12
13.032056093215942,2.841599e-12
13.130380868911743,3.037555e-12
13.228529930114746,3.264518e-12
13.327350616455078,3.467914e-12
13.425774812698364,3.604341e-12
13.524134159088135,3.76929e-12
13.622483491897583,-3.086529e-11
13.721652030944824,-3.220475e-11
13.820230722427368,-3.31126e-11
13.918530225753784,-3.382571e-11
14.017400026321411,-3.447314e-11
14.115772008895874,-3.502007e-11
14.214272499084473,-3.550003e-11
14.313249826431274,-3.591304e-11
14.411157131195068,-3.630739e-11
14.509250402450562,-3.669937e-11
14.607273817062378,-3.702924e-11
14.705925226211548,-3.732067e-11
14.804248571395874,-3.761465e-11
14.903448581695557,-3.792225e-11
15.001323223114014,-3.816031e-11
15.09932565689087,-3.840963e-11
15.198072671890259,-3.862667e-11
15.296344757080078,-3.886849e-11
15.394343376159668,-3.909296e-11
15.493089437484741,-3.930261e-11
15.59200119972229,-5.41708e-12
15.690271854400635,-3.767573e-12
15.788692235946655,-2.802675e-12
15.887052059173584,-2.083347e-12
15.985958814620972,-1.471914e-12
16.083998441696167,-9.224906e-13
16.182146310806274,-4.598865e-13
16.280149936676025,-7.293596e-14
16.37944006919861,2.867309e-13
16.47814106941223,6.290336e-13
16.57703709602356,9.738171e-13
16.675466537475586,1.229304e-12
16.774175882339478,1.498433e-12
16.871978521347046,1.736557e-12
16.970346450805664,1.988323e-12
17.069252252578735,2.197923e-12
17.16768169403076,2.356672e-12
17.265538454055786,2.581153e-12
17.363730669021606,2.769668e-12
17.462611198425293,2.940819e-12
17.56178569793701,3.082205e-12
17.66020131111145,-3.217998e-11
17.75809955596924,-3.330487e-11
17.856735706329346,-3.414324e-11
17.95455837249756,-3.481546e-11
18.053640842437744,-3.54058e-11
18.151712656021118,-3.592797e-11
18.249926567077637,-3.639302e-11
18.347831964492798,-3.67924e-11
18.44666838645935,-3.717435e-11
18.54582905769348,-3.752286e-11
18.644009351730347,-3.786393e-11
18.742161750793457,-3.816905e-11
18.839843273162842,-3.845057e-11
18.93787932395935,-3.870479e-11
19.03647208213806,-3.898137e-11
19.135106325149536,-3.922445e-11
19.23416018486023,-3.943776e-11
19.332645416259766,-3.967467e-11
19.431038856506348,-3.98942e-11
19.52934980392456,-4.009137e-11
19.62746572494507,-5.368707e-12
19.725778102874756,-4.145848e-12
19.824768543243408,-3.239238e-12
19.924158811569214,-2.558355e-12
20.022908449172974,-1.989089e-12
20.121643781661987,-1.475633e-12
20.22026801109314,-1.031631e-12
20.31822896003723,-6.235971e-13
20.416148900985718,-2.85014e-13
20.514721632003784,1.760137e-14
20.613332509994507,3.425411e-13
20.711912631988525,6.141509e-13
20.811585187911987,8.64677e-13
20.910465002059937,1.089158e-12
21.009042739868164,1.31488e-12
21.107327699661255,1.559205e-12
21.20592713356018,1.719195e-12
21.30431890487671,1.916391e-12
21.402528047561646,2.099945e-12
21.500758171081543,2.287218e-12
21.599406957626343,-3.185875e-11
21.69866704940796,-3.337927e-11
21.79740571975708,-3.436028e-11
21.896983861923218,-3.517016e-11
21.9953715801239,-3.579274e-11
22.093379497528076,-3.632853e-11
22.191784620285034,-3.682834e-11
22.290136575698853,-3.726737e-11
22.388105154037476,-3.767667e-11
22.48612666130066,-3.804379e-11
22.585896968841553,-3.836869e-11
22.684406280517578,-3.86986e-11
22.783592700958252,-3.900743e-11
22.882216215133667,-3.926287e-11
22.980602979660034,-3.953326e-11
23.0786771774292,-3.980113e-11
23.178115844726562,-4.00306e-11
23.2757248878479,-4.025758e-11
23.374041080474854,-4.046096e-11
23.472576141357422,-4.067553e-11
23.57150173187256,-3.289434e-11
23.66929006576538,-5.482814e-12
23.767178773880005,-4.450937e-12
23.86591362953186,-3.658435e-12
23.96492338180542,-2.991195e-12
24.06411600112915,-2.451691e-12
24.16165852546692,-2.007689e-12
24.262545108795166,-1.589735e-12
24.361714124679565,-1.176739e-12
24.460424184799194,-8.468382e-13
24.558910369873047,-5.566253e-13
24.657342195510864,-2.490483e-13
24.755718231201172,2.132225e-14
24.85464310646057,2.805296e-13
24.9531033039093,4.876478e-13
25.05135941505432,6.96006e-13
25.149726152420044,9.118056e-13
25.248169660568237,1.121404e-12
25.34693145751953,1.271472e-12
25.445333003997803,1.457506e-12
25.543297290802002,1.64106e-12
25.641108751296997,-3.333706e-11
25.739886045455933,-3.452275e-11
25.839496850967407,-3.539833e-11
25.937406539916992,-3.612266e-11
26.035869598388672,-3.671673e-11
26.133952140808105,-3.721279e-11
26.232091188430786,-3.768534e-11
26.330230712890625,-3.810078e-11
26.428571939468384,-3.848898e-11
26.527319192886353,-3.884124e-11
26.625999212265015,-3.917979e-11
26.72506284713745,-3.953081e-11
26.823858976364136,-3.983958e-11
26.921887397766113,-4.010876e-11
27.019856691360474,-4.032701e-11
27.118507862091064,-4.05614e-11
27.216475248336792,-4.078837e-11
27.31439232826233,-4.100792e-11
27.412449836730957,-4.121007e-11
27.510642766952515,-4.140725e-11
27.6105318069458,-7.041775e-12
27.70943856239319,-5.681252e-12
27.808303356170654,-4.760994e-12
27.906805515289307,-4.059025e-12
28.00485372543335,-3.442637e-12
28.103105306625366,-2.936623e-12
28.201672077178955,-2.514947e-12
28.29993963241577,-2.120554e-12
28.39890193939209,-1.724919e-12
28.49719762802124,-1.390056e-12
28.59611463546753,-1.12837e-12
28.694212913513184,-8.493182e-13
28.7931010723114,-5.677866e-13
28.891667366027832,-3.060976e-13
28.989768743515015,-9.774018e-14
29.08851146697998,9.945609e-14
29.187143087387085,3.152557e-13
29.285574197769165,5.198936e-13
29.38310408592224,6.712014e-13
29.481945037841797,8.497942e-13
29.58069348335266,-2.71682e-11
29.68038272857666,-3.455995e-11
29.77895712852478,-3.557814e-11
29.877126932144165,-3.635331e-11
29.97555947303772,-3.702802e-11
